ID;Prenom;Nom;Date
1;Ollie;Galasso;13/03/2006
2;Jon;Seastrunk;12/01/2007
3;Ted;Luat;17/07/2007
4;Myron;Quaife;28/09/2007
5;Hollis;Syres;22/10/2007
6;Norbert;Tebeest;05/12/2007
7;Alvaro;Callum;19/11/2010
8;Emanuel;Ferrill;06/01/2012
9;Brandon;Aufmuth;31/07/2012
10;Lamar;Sanburn;19/12/2012
11;Lindsey;Arnaiz;27/12/2012
12;Lyman;Shumer;29/04/2013
13;Santo;Abrahamson;10/06/2013
14;Bernardo;Besmer;26/05/2014
15;Millard;Ery;11/09/2014
16;Oren;Nau;13/11/2014
17;Normand;Grgurich;01/12/2014
18;Milton;Hannett;14/04/2015
19;Pete;Stobierski;12/01/2016
20;Wilbur;Pommier;22/01/2016
21;Kelvin;Objio;26/01/2016
22;Shannon;Petermeier;08/02/2016
23;Darrick;Eveler;13/07/2016
24;Adolph;Natwick;29/08/2016
25;Jamey;Elsbree;04/10/2016
26;Efren;Seaburn;28/09/2006
27;Antonio;Tulipano;15/02/2007
28;Stuart;Schachte;15/03/2007
29;Winford;Ebach;23/04/2007
30;Augustus;Melen;23/07/2007
31;Mauricio;Pratte;01/01/2008
32;Cornelius;Budak;24/06/2009
33;Chung;Riesenberger;16/12/2009
34;Stanton;Supnet;03/03/2010
35;Ryan;Martie;11/03/2010
36;Korey;McManaman;17/11/2010
37;Ian;Kroening;26/01/2011
38;Leif;Saalwaechter;11/02/2011
39;Ahmed;Sanner;14/09/2011
40;Mervin;Bromer;20/09/2012
41;Ty;Viehweg;23/10/2012
42;Victor;Jaro;22/08/2013
43;Hosea;Cumings;24/09/2013
44;Edmund;Campolo;03/01/2014
45;Cedrick;Muckler;24/01/2014
46;Hassan;Ed;18/02/2015
47;Luigi;Gerrish;09/03/2015
48;Greg;Defrancisco;10/03/2015
49;August;Novinger;20/04/2016
