ID;Prenom;Nom;Date
1;Ollie;Galasso;13/03/2006;oui
2;Jon;Seastrunk;12/01/2007;non
3;Ted;Luat;17/07/2007;oui
4;Myron;Quaife;28/09/2007;oui
5;Hollis;Syres;22/10/2007;oui
6;Norbert;Tebeest;05/12/2007;oui
7;Alvaro;Callum;19/11/2010;oui
8;Emanuel;Ferrill;06/01/2012;oui
9;Brandon;Aufmuth;31/07/2012;oui
10;Lamar;Sanburn;19/12/2012;oui
11;Lindsey;Arnaiz;27/12/2012;oui
12;Lyman;Shumer;29/04/2013;oui
13;Santo;Abrahamson;10/06/2013;oui
14;Bernardo;Besmer;26/05/2014;oui
15;Millard;Ery;11/09/2014;oui
16;Oren;Nau;13/11/2014;oui
17;Normand;Grgurich;01/12/2014;oui
18;Milton;Hannett;14/04/2015;oui
19;Pete;Stobierski;12/01/2016;oui
20;Wilbur;Pommier;22/01/2016;oui
21;Kelvin;Objio;26/01/2016;oui
22;Shannon;Petermeier;08/02/2016;oui
23;Darrick;Eveler;13/07/2016;oui
24;Adolph;Natwick;29/08/2016;oui
25;Jamey;Elsbree;04/10/2016;oui
26;Efren;Seaburn;28/09/2006;non
27;Antonio;Tulipano;15/02/2007;non
28;Stuart;Schachte;15/03/2007;non
29;Winford;Ebach;23/04/2007;oui
30;Augustus;Melen;23/07/2007;oui
31;Mauricio;Pratte;01/01/2008;oui
32;Cornelius;Budak;24/06/2009;oui
33;Chung;Riesenberger;16/12/2009;non
34;Stanton;Supnet;03/03/2010;non
35;Ryan;Martie;11/03/2010;oui
36;Korey;McManaman;17/11/2010;non
37;Ian;Kroening;26/01/2011;oui
38;Leif;Saalwaechter;11/02/2011;non
39;Ahmed;Sanner;14/09/2011;oui
40;Mervin;Bromer;20/09/2012;oui
41;Ty;Viehweg;23/10/2012;oui
42;Victor;Jaro;22/08/2013;non
43;Hosea;Cumings;24/09/2013;oui
44;Edmund;Campolo;03/01/2014;oui
45;Cedrick;Muckler;24/01/2014;oui
46;Hassan;Ed;18/02/2015;non
47;Luigi;Gerrish;09/03/2015;non
48;Greg;Defrancisco;10/03/2015;oui
49;August;Novinger;20/04/2016;oui
50;Carmelo;Roosa;16/11/2016;oui
51;Maha;CHAOUCH;10/03/2017;oui
52;azerazer;azerazer;;non
53;Lattes;Yann;13/03/2017;oui
54;peter;manon;;non
